priority_rank,first,last,prop_address,prop_city,prop_state,prop_zip,mail_address,mail_city,mail_state,mail_zip,score,lead_type,flags,source,doc_num,filed,Phone 1,Phone 2,Skip Trace Status,Skip Trace Date
1,Vaughn,Brittney A,"11211 ARISTIDES, SAN ANTONIO, TEXAS, 78245",San Antonio,TX,,,,TX,,70,Notice of Foreclosure,Pre-foreclosure | New this week,County Clerk,20260195098,2026-10-05,,,No Phone,2026-10-10
2,Garcia,Raymond Rojas Iii,"502 MIDWAY CREST, SAN ANTONIO, TEXAS, 78258",San Antonio,TX,,,,TX,,70,Notice of Foreclosure,Pre-foreclosure | New this week,County Clerk,20260196947,2026-10-06,(619) 322-1577,,Done,2026-10-10
3,Patrick,Marilyn Antipuesto,"9327 SELENE PLACE, SAN ANTONIO, TEXAS, 78252",San Antonio,TX,,,,TX,,70,Notice of Foreclosure,Pre-foreclosure | New this week,County Clerk,20260197458,2026-10-07,,,No Phone,2026-10-10
4,Hernandez,Caroline Costa,"8918 WILLMON WAY, SAN ANTONIO, TEXAS, 78239",San Antonio,TX,,,,TX,,70,Notice of Foreclosure,Pre-foreclosure | New this week,County Clerk,20260197425,2026-10-07,,,No Phone,2026-10-10
5,Wright,Claudia I Rios,"607 LAGO LANDING, SAN ANTONIO, TEXAS, 78263",San Antonio,TX,,,,TX,,70,Notice of Foreclosure,Pre-foreclosure | New this week,County Clerk,20260197814 | 20260197812 | 20260197813,2026-10-07,,,No Phone,2026-10-10
6,Castro,Adam,"10139 PEARL CRK, SAN ANTONIO, TEXAS, 78245",San Antonio,TX,,,,TX,,70,Notice of Foreclosure,Pre-foreclosure | New this week,County Clerk,20260197225,2026-10-07,,,No Phone,2026-10-10
7,Flores,Kevin Eliut,"6115 YELLOWSTONE COAL, SAN ANTONIO, TEXAS, 78253",San Antonio,TX,,,,TX,,70,Notice of Foreclosure,Pre-foreclosure | New this week,County Clerk,20260194904,2026-10-05,,,No Phone,2026-10-10
8,Arenas,Sergio Domingo Alejaldre,"10751 AQUEDUCT CREEK, SAN ANTONIO, TEXAS, 78214",San Antonio,TX,,,,TX,,70,Notice of Foreclosure,Pre-foreclosure | New this week,County Clerk,20260196540,2026-10-06,,,No Phone,2026-10-10
9,Szyszkowski,Adam A,"6421 NAPA FERRY, CONVERSE, TEXAS, 78109",San Antonio,TX,,,,TX,,70,Notice of Foreclosure,Pre-foreclosure | New this week,County Clerk,20260196073,2026-10-06,,,No Phone,2026-10-10
10,Herrera,Mario N Jr,"14823 QUARTZ COVE, ELMENDORF, TEXAS, 78112",San Antonio,TX,,,,TX,,70,Notice of Foreclosure,Pre-foreclosure | New this week,County Clerk,20260196197,2026-10-06,,,No Phone,2026-10-10
11,Gonzalez,Ida Sophia,"7834 NOPALITOS COVE, SAN ANTONIO, TEXAS, 78239",San Antonio,TX,,,,TX,,70,Notice of Foreclosure,Pre-foreclosure | New this week,County Clerk,20260196940,2026-10-06,(210) 237-6174,,Done,2026-10-10
12,Mailloux,Roman Edmund,"10828 MINITA CREEK, SAN ANTONIO, TEXAS, 78214",San Antonio,TX,,,,TX,,70,Notice of Foreclosure,Pre-foreclosure | New this week,County Clerk,20260197115,2026-10-07,,,No Phone,2026-10-10
13,Coralin,Victor Luis Jr,"3510 GEORGIA TRACE, CONVERSE, TEXAS, 78109",San Antonio,TX,,,,TX,,70,Notice of Foreclosure,Pre-foreclosure | New this week,County Clerk,20260197753,2026-10-07,,,No Phone,2026-10-10
